epoch,is_checkpoint,steps,samples,trn_loss,total_time,learn_rate,val_loss
0.03,0,1,8,34.9387,0.1,0.0005,
1.0,1,30,240,35.5965,0.3,0.0005,37.1434
2.0,1,60,473,34.9812,0.5,0.0005,37.0302
3.0,1,90,706,34.67,0.6,0.0005,36.9955
4.0,0,120,939,34.3652,0.8,0.0005,37.35
5.0,0,150,1172,34.1875,1.0,0.0005,37.2392
6.0,0,180,1405,33.8015,1.1,0.0005,37.3301
7.0,0,210,1638,33.6626,1.4,0.00025,37.4564
8.0,0,240,1871,33.4322,1.5,0.00025,37.5018
