epoch,is_checkpoint,steps,samples,trn_loss,total_time,learn_rate,val_loss
0.03,0,1,8,35.5224,0.0,0.0005,
1.0,1,30,240,35.4095,0.2,0.0005,37.0315
2.0,0,60,473,34.998,0.4,0.0005,37.2356
3.0,1,90,706,34.6029,0.5,0.0005,37.0222
4.0,0,120,939,34.1982,0.7,0.0005,37.164
5.0,0,150,1172,34.1542,0.8,0.0005,37.0783
6.0,0,180,1405,33.7533,1.0,0.0005,37.2297
7.0,0,210,1638,33.3512,1.1,0.00025,37.4754
8.0,0,240,1871,33.2215,1.3,0.00025,37.3807
