epoch,is_checkpoint,steps,samples,trn_loss,val_loss,total_time,learn_rate
1.0,1,1,6,4.0776,4.3552,0.1,0.00043
2.0,1,2,12,4.1339,4.291,0.1,0.00043
3.0,1,3,18,3.9928,4.1429,0.1,0.00043
4.0,0,4,24,4.2199,4.2854,0.1,0.00043
5.0,1,5,30,3.9704,4.1398,0.2,0.00043
6.0,0,6,36,3.986,4.3431,0.2,0.00043
7.0,0,7,42,4.0787,4.3406,0.2,0.00043
8.0,0,8,48,4.0388,4.1818,0.2,0.00043
9.0,0,9,54,3.8783,4.276,0.2,0.000215
10.0,0,10,60,3.9689,4.3363,0.2,0.000215
