epoch,is_checkpoint,steps,samples,trn_loss,total_time,learn_rate,val_loss
0.03,0,1,8,35.2841,0.1,0.0005,
1.0,1,30,240,35.3811,0.3,0.0005,37.0806
2.0,1,60,473,34.8488,0.4,0.0005,37.0036
3.0,0,90,706,34.5861,0.6,0.0005,37.0438
4.0,0,120,939,34.2281,0.7,0.0005,37.3436
5.0,0,150,1172,34.0821,0.9,0.0005,37.3177
6.0,0,180,1405,33.8113,1.0,0.00025,37.2454
7.0,0,210,1638,33.7187,1.2,0.00025,37.4373
