epoch,is_checkpoint,steps,samples,trn_loss,total_time,learn_rate,val_loss
0.03,0,1,8,35.7147,0.0,0.0005,
1.0,1,30,240,35.6675,0.2,0.0005,37.311
2.0,1,60,473,34.9362,0.4,0.0005,37.2361
3.0,0,90,706,34.6825,0.6,0.0005,37.3464
4.0,0,120,939,34.2823,0.7,0.0005,37.4113
5.0,0,150,1172,33.9484,0.9,0.0005,37.4797
6.0,0,180,1405,33.7335,1.1,0.00025,37.5307
7.0,0,210,1638,33.5208,1.3,0.00025,37.5871
