epoch,is_checkpoint,steps,samples,trn_loss,total_time,learn_rate,val_loss
0.03,0,1,8,45.5522,0.1,0.0005,
1.0,1,30,240,46.3642,0.6,0.0005,48.2254
2.0,1,60,473,45.2454,1.2,0.0005,48.0296
3.0,1,90,706,44.8689,1.7,0.0005,47.8613
4.0,0,120,939,44.2387,2.1,0.0005,47.9061
5.0,0,150,1172,44.1178,2.7,0.0005,47.9439
6.0,0,180,1405,43.5088,3.1,0.0005,48.0158
7.0,0,210,1638,43.1922,3.5,0.00025,48.5024
8.0,0,240,1871,42.856,3.9,0.00025,48.316
