{"ts": 1776605257189, "type": "run_completed", "started_at": 1776603296.6335301, "ended_at": 1776605257.189204, "duration_s": 1960.5556738376617, "items_touched": ["GAP-001"], "agents_ran": 17, "agents_succeeded": 17, "agents_failed": 0}