epoch,is_checkpoint,steps,samples,trn_loss,val_loss,total_time,learn_rate
1.0,1,1,8,26.0234,32.1878,0.1,0.0005
2.0,1,2,14,28.1102,31.9501,0.1,0.0005
3.0,0,3,22,26.663,32.3649,0.1,0.0005
4.0,0,4,28,27.1494,32.7966,0.1,0.0005
5.0,0,5,36,25.3992,32.3206,0.1,0.0005
6.0,0,6,42,27.9939,32.3256,0.1,0.00025
7.0,0,7,50,24.974,32.3361,0.1,0.00025
