epoch,is_checkpoint,steps,samples,trn_loss,total_time,learn_rate,val_loss
0.03,0,1,8,24.0179,0.1,0.0005,
1.0,1,30,240,23.7669,0.2,0.0005,25.018
2.0,0,60,473,23.2835,0.4,0.0005,25.0893
3.0,1,90,706,23.1761,0.5,0.0005,24.9494
4.0,0,120,939,23.0801,0.7,0.0005,25.1167
5.0,0,150,1172,22.8407,0.8,0.0005,25.2043
6.0,0,180,1405,22.7618,1.0,0.0005,25.1508
7.0,0,210,1638,22.631,1.1,0.00025,25.3392
8.0,0,240,1871,22.6226,1.3,0.00025,25.2603
